Id;Stok Kodu;Üst Baþlýk;Ürün Adý;Alt Baþlýk;Stok Miktarý;Fiyat;Ýndirim Oraný;Ýndirimli Fiyat;Para Birimi;Durum;Satýþta;Kategori Id;Kategori;Yazar Id;Yazar;Yayýnevi No;Yayýnevi;Resim;Açýklama;Etiketler;Vergi;Kargo Desi Deðeri;Çeviren;Boyut;Sayfa Sayýsý;Basým Yeri;Basým Tarihi;Baský;Resimleyen;Kapak Türü;Kaðýt Türü;Dili;Orijinal Adý;Ürün Raf No;Temin Süresi (Gün);Stok Bilgisi;Ön Sipariþ tarihi;Format;Link;Resim Sayýsý
374130;9789758552504;;Cep Namaz Hocasý (Renkli);;100000;16,5;0;;EUR;1;y;115;Ýslam|Ýbadet;10011;Asým Uysal;1005;Uysal Yayýnevi;https://www.hesapli24.com/u/hesapli24/img/c/c/e/cep-namaz-hocasi-renklie217cc7e2fd970a8e66730a12e5f52b8.jpg;9 Yaþ ve yukarýsý çocuklarýn resimlerle dini bilgileri öðrenmesi amaçlanmýþtýr.;Cep Namaz Hocasý (Renkli), Uysal Yayýnevi, , , 9789758552504;0;0,224;;95-135-0;256;;2020-01-14;1;;Karton;1.Hamur;Türkçe;;;-1;0;;0;https://www.hesapli24.com/cep-namaz-hocasi-renkli;1
374131;9789758552788;;"Hikayelerle Atasözleri ve Deyimler; 9 Yaþ ve Üstü";9 Yaþ ve Üstü;100000;26,4;0;;EUR;1;y;135;Çocuk - Genç|Hikayeler - Öyküler;10012;Mürþide Uysal;1005;Uysal Yayýnevi;https://www.hesapli24.com/u/hesapli24/img/c/h/i/hikayelerle-atasozleri-ve-deyimler-9-yas-ve-ustu671a745ae8090b4ff01a987546adb6b3.jpg;9 yaþ ve üstü çocuklara ve gençlere hayatlarý boyunca yön verecek atasözleri ve deyimler, hikâyeleriyle anlatýlmýþtýr.;"Hikayelerle Atasözleri ve Deyimler; 9 Yaþ ve Üstü, Uysal Yayýnevi, , , 9789758552788";0;0,232;;135-195-0;232;;2016-01-01;2;;Karton;2.Hamur;Türkçe;;;-1;0;;0;https://www.hesapli24.com/hikayelerle-atasozleri-ve-deyimler-9-yas-ve-ustu;1
374132;9789758552992;;Huzur ve Mutluluk Yolu;;100000;12,21;0;;EUR;1;y;619;Aile Kitaplýðý|Aile Hayatý - Evlilik;16531;Ayýz El-Karni;1005;Uysal Yayýnevi;https://www.hesapli24.com/u/hesapli24/img/c/h/u/huzur-ve-mutluluk-yolu5b89bf7df011902b10f27b05261da219.jpg;Ýnsaný huzur ve mutluluða götüren veciz sözler, maddeler halinde toplanmýþtýr. Huzur ve mutluluk arayanlara, haplar yerine bu kitabý tavsiye ederiz.;Huzur ve Mutluluk Yolu, Uysal Yayýnevi, , , 9789758552992;0;0;;85-120-0;264;;2020-01-14;1;;Karton;2.Hamur;Türkçe;;;-1;0;;0;https://www.hesapli24.com/huzur-ve-mutluluk-yolu;1
374133;9789758552375;;Geschýchten Aus Dem Koran - (K.Boy) (Kurandan Dini Hikayeler);;100000;49,5;0;;EUR;1;y;135;Çocuk - Genç|Hikayeler - Öyküler;;;1091;Uysal Verlag;https://www.hesapli24.com/u/hesapli24/img/c/g/e/geschichten-aus-dem-koran-k-boy-kurandan-dini-hikayelerad109e1f378df72a34bc56e7c51bff0f.jpg;Hikayelerle Peygamberler Tarihini Anlatýyor;Geschýchten Aus Dem Koran - (K.Boy) (Kurandan Dini Hikayeler), Uysal Verlag, , , 9789758552375;0;0,272;;135-195-0;272;;2005-01-01;0;;Karton;2.Hamur;Almanca;;;-1;0;;0;https://www.hesapli24.com/geschichten-aus-dem-koran-k-boy-kurandan-dini-hikayeler;1
374134;9789752621292;;Kur'an-ý Kerim Elifbasý Ali Haydar;;0;6;;;EUR;1;n;18;Çocuk - Genç|Ýslami Çocuk Kitaplarý;10011;Asým Uysal;1005;Uysal Yayýnevi;https://www.hesapli24.com/u/hesapli24/img/c/k/u/kuran-i-kerim-elifbasi-ali-haydar20fab7f329b12b64275f9c776f297064.jpg;Ali Haydar Elifbasý tertibatýnda hazýrlanan bu kitap, kolayca Kur'an-ý Kerim'i öðretmek  amacýyla hazýrlanmýþtýr.;Kur'an-ý Kerim Elifbasý Ali Haydar, Uysal Yayýnevi, , , 9789752621292;0;0;;195-275-0;40;Ýstanbul;2020-06-25;1;;Karton;1.Hamur;Türkçe;;;-1;0;;0;https://www.hesapli24.com/kuran-i-kerim-elifbasi-ali-haydar;1
374135;9789758552412;;DEN ISLAM MALEND LERNEN-1, Der Glaube an Allah (Boyamalý Allah'a Ýman);;100000;28,05;0;;EUR;1;y;317;Çocuk - Genç|Boyama Kitaplarý;10012,10011;Mürþide Uysal,Asým Uysal;1005;Uysal Yayýnevi;https://www.hesapli24.com/u/hesapli24/img/c/d/e/den-islam-malend-lernen-1-der-glaube-an-allah-boyamali-allaha-iman19219e1342a599d2037441226549ac06.jpg;5 yaþ ve üstü çocuklarýn eðlenerek boyama ile Allah'ýn varlýðýný, birliðini ve sýfatlarýný öðrenmeleri amaçlanmýþtýr.;DEN ISLAM MALEND LERNEN-1, Der Glaube an Allah (Boyamalý Allah'a Ýman), Uysal Yayýnevi, , , 9789758552412;0;0,061;;195-275-0;56;;2016-01-01;1;;Karton;1.Hamur;Almanca;;;-1;0;;0;https://www.hesapli24.com/den-islam-malend-lernen-1-der-glaube-an-allah-boyamali-allaha-iman;1
374136;9789758552474;;Den Islam Malend Lernen-1 Der Glaube An Allah;;100000;28,05;0;;EUR;1;y;92;Eðitim|Dil Öðrenimi - Almanca;10011;Asým Uysal;1091;Uysal Verlag;https://www.hesapli24.com/u/hesapli24/img/c/d/e/den-islam-malend-lernen-1-der-glaube-an-allah4f5c68b4ee6d6a2e08089ad4146d1dde.jpg;Çocuk eðitimi;Den Islam Malend Lernen-1 Der Glaube An Allah, Uysal Verlag, , , 9789758552474;0;0,112;;195-275-0;56;;2020-01-10;0;;Karton;1.Hamur;Almanca;;;-1;0;;0;https://www.hesapli24.com/den-islam-malend-lernen-1-der-glaube-an-allah;1
374137;9789758552061;;"Çocuklara Ýlk Dini Bilgiler 1; 3-6 Yaþ";3-6 Yaþ;100000;24,75;0;;EUR;1;y;18;Çocuk - Genç|Ýslami Çocuk Kitaplarý;10012;Mürþide Uysal;1005;Uysal Yayýnevi;https://www.hesapli24.com/u/hesapli24/img/c/c/o/cocuklara-ilk-dini-bilgiler-1-3-6-yas2ee5db2d752a98fd2945b742bdfd4fe9.jpg;"3-6 Yaþ çocuklarýn anlayacaðý sadelikte , çocuklarýn Allah'ý tanýmasýna yardýmcý olan:
Besmele , Þükür , Dua , Ezan , Cami , Abdest Ve Namaz ... gibi konular canlý resimlerle anlatýlmaktadýr.";"Çocuklara Ýlk Dini Bilgiler 1; 3-6 Yaþ, Uysal Yayýnevi, , , 9789758552061";0;0,176;;195-275-0;32;;2017-11-22;0;;Karton;Kuþe;Türkçe;;;-1;0;;0;https://www.hesapli24.com/cocuklara-ilk-dini-bilgiler-1-3-6-yas;1
374138;9789758552870;;"Eýn Kind Sucht Allah; Hlg.abraham - Haj Býn Jaksan (b. Boy)";Hlg.abraham - Haj Býn Jaksan (b. Boy);100000;28,05;0;;EUR;1;y;135;Çocuk - Genç|Hikayeler - Öyküler;10018;Kolektif;1091;Uysal Verlag;https://www.hesapli24.com/u/hesapli24/img/c/e/i/ein-kind-sucht-allah-hlg-abraham-haj-bin-jaksan-b-boya1eea688f7c6f4ca6793bca1af9bedbc.jpg;Çocuk eðitimi;"Eýn Kind Sucht Allah; Hlg.abraham - Haj Býn Jaksan (b. Boy), Uysal Verlag, , , 9789758552870";0;0,139;;195-275-0;32;;2010-12-30;1;;Karton;2.Hamur;Almanca;;;-1;0;;0;https://www.hesapli24.com/ein-kind-sucht-allah-hlg-abraham-haj-bin-jaksan-b-boy;1
374139;9789758552795;;Cinsel Bilgiler Ansiklopedisi;;100000;29,7;0;;EUR;1;y;619;Aile Kitaplýðý|Aile Hayatý - Evlilik;16532;Ahmet M. Kerem;1005;Uysal Yayýnevi;https://www.hesapli24.com/u/hesapli24/img/c/c/i/cinsel-bilgiler-ansiklopedisia7cf7b375960a1e14a9d4f4e33b02eae.jpg;Çevreden yalan yanlýþ bilgilerle cinselliði öðrenmek yerine ilmi ve dini bilgiler ýþýðýnda hazýrlanmýþ olan bu kitabý güvenle okuyabilir ve gençlerinize okutabilirsiniz.;Cinsel Bilgiler Ansiklopedisi, Uysal Yayýnevi, , , 9789758552795;0;0,289;;135-195-0;385;;2020-01-14;1;;Karton;2.Hamur;Türkçe;;;-1;0;;0;https://www.hesapli24.com/cinsel-bilgiler-ansiklopedisi;1
374140;9789752620070;;Ýzahlý Büyük Namaz Hocasý;;100000;29,7;0;;EUR;1;y;115;Ýslam|Ýbadet;10011;Asým Uysal;1005;Uysal Yayýnevi;https://www.hesapli24.com/u/hesapli24/img/c/i/z/izahli-buyuk-namaz-hocasid847f13c3c6fdb815ccb64d66d21f7b9.jpg;Ýman, akaid ve ibâdet konularý, kýsa ve özlü olarak açýklanmýþtýr. Namaz sureleri ve manalarý.;Ýzahlý Büyük Namaz Hocasý, Uysal Yayýnevi, , , 9789752620070;0;0,315;;135-195-0;410;;2009-12-30;1;;Karton;1.Hamur;Türkçe;;;-1;0;;0;https://www.hesapli24.com/izahli-buyuk-namaz-hocasi;1
374141;9789758552887;;Cin, Þeytan, Büyüden Koruyucu Dualar;;100000;29,7;0;;EUR;1;y;10;Ýslam|Dua Kitaplarý;16533;Muhammed Es-Sihavi;1005;Uysal Yayýnevi;https://www.hesapli24.com/u/hesapli24/img/c/c/i/cin-seytan-buyuden-koruyucu-dualare4daf4b709e9cca6c7bb032ec095e91c.jpg;Cin, þeytan ve büyü hakkýnda güvenli bilgiler ve korunma yollarý ile tedavi metodlarýný açýklayan güvenilir bir kitap.;Cin, Þeytan, Büyüden Koruyucu Dualar, Uysal Yayýnevi, , , 9789758552887;0;0,321;;135-195-0;416;;2004-12-30;1;;Karton;2.Hamur;Türkçe;;;-1;0;;0;https://www.hesapli24.com/cin-seytan-buyuden-koruyucu-dualar;1
374142;9789758552542;;"Ich Lerne Den Islam 3; Bände In Eýnem Buch";Bände In Eýnem Buch;100000;72,6;0;;EUR;1;y;92;Eðitim|Dil Öðrenimi - Almanca;10012;Mürþide Uysal;1091;Uysal Verlag;https://www.hesapli24.com/u/hesapli24/img/c/i/c/ich-lerne-den-islam-3-bande-in-einem-bucha15cf241f89f28752333edd52f62cb76.jpg;;"Ich Lerne Den Islam 3; Bände In Eýnem Buch, Uysal Verlag, , , 9789758552542";0;0,529;;160-240-0;370;Ýstanbul;2000-01-01;0;;Karton;2.Hamur;Almanca;;;-1;0;;0;https://www.hesapli24.com/ich-lerne-den-islam-3-bande-in-einem-buch;1
374143;9789758552177;;"Resimlerle Öðreniyorum; 3 Yaþ ve Üstü";3 Yaþ ve Üstü;100000;24,75;0;;EUR;1;y;21;Çocuk - Genç|Çocuk Kitaplarý - Genel;10012;Mürþide Uysal;1005;Uysal Yayýnevi;https://www.hesapli24.com/u/hesapli24/img/c/r/e/resimlerle-ogreniyorum-3-yas-ve-ustu5af80d2b527473082dd69b97a0554996.jpg;3-6 Yaþ çocuklarýn merak ettiði ve öðrenmesi gereken konular, canlý resimlerle çocuða öðretilmek amaçlanmýþtýr.;"Resimlerle Öðreniyorum; 3 Yaþ ve Üstü, Uysal Yayýnevi, , , 9789758552177";0;0,173;;195-275-0;32;;2017-01-01;1;;Karton;Kuþe;Türkçe;;;-1;0;;0;https://www.hesapli24.com/resimlerle-ogreniyorum-3-yas-ve-ustu;1
374144;9789758552726;;"Allah'ý Arayan Çocuklar (5+ Yaþ); Hz. Ýbrahim ve Hayy";Hz. Ýbrahim ve Hayy;100000;23,1;0;;EUR;1;y;135;Çocuk - Genç|Hikayeler - Öyküler;10012;Mürþide Uysal;1005;Uysal Yayýnevi;https://www.hesapli24.com/u/hesapli24/img/c/a/l/allahi-arayan-cocuklar-5-yas-hz-ibrahim-ve-hayy6de1715d1309b0d7a3611e391659793a.jpg;Hz. Ýbrahim ve Hay'ýn çocukluklarýnda Yüce Allah'ý tanýma ve inanma öyküleri, 5 yaþ ve üstü çocuklarýn anlayabileceði sade ve akýcý bir dil ile resimlerle anlatýlmaktadýr.;"Allah'ý Arayan Çocuklar (5+ Yaþ); Hz. Ýbrahim ve Hayy, Uysal Yayýnevi, , , 9789758552726";0;0,114;;160-235-0;48;;2014-12-30;1;;Karton;2.Hamur;Türkçe;;;-1;0;;0;https://www.hesapli24.com/allahi-arayan-cocuklar-5-yas-hz-ibrahim-ve-hayy;1
374145;2000021100129;;Erste Relýgýonskenntnýsse Für Kýnder 2 (Çocuklara Ýlk Dini Bilgiler 2 );;100000;28,05;0;;EUR;1;y;404;Çocuk - Genç|Dil Eðitimi Kitaplarý;10012;Mürþide Uysal;1091;Uysal Verlag;https://www.hesapli24.com/u/hesapli24/img/c/e/r/erste-religionskenntnisse-fur-kinder-2-cocuklara-ilk-dini-bilgiler-287671e214b64fc85e12abb3d59d310fb.jpg;Dini Çocuk eðitimi;Erste Relýgýonskenntnýsse Für Kýnder 2 (Çocuklara Ýlk Dini Bilgiler 2 ), Uysal Verlag, , , 2000021100129;0;0;;195-275-0;48;;2020-01-23;0;;Karton;Kuþe;Almanca;;;-1;0;;0;https://www.hesapli24.com/erste-religionskenntnisse-fur-kinder-2-cocuklara-ilk-dini-bilgiler-2;1
374146;9789752621039;;Al Asma’u-l Husna (Allahs Schonste Namen) In Kartenform;;100000;36,3;0;;EUR;1;y;92;Eðitim|Dil Öðrenimi - Almanca;10012;Mürþide Uysal;1091;Uysal Verlag;https://www.hesapli24.com/u/hesapli24/img/c/a/l/al-asma-u-l-husna-allahs-schonste-namen-in-kartenformd381d2f644440c4dc2e2e34d2556abfe.jpg;Allah'ýn Güzel Ýsimleri ve Açýklamasý;Al Asma’u-l Husna (Allahs Schonste Namen) In Kartenform, Uysal Verlag, , , 9789752621039;18;0;;85-125-0;54;;2020-01-23;0;;Karton;Karton;Almanca;;;-1;0;;0;https://www.hesapli24.com/al-asma-u-l-husna-allahs-schonste-namen-in-kartenform;1
374147;9789758552641;;Boyamalý Ahlâk ve Görgü Kurallarý;;100000;28,05;0;;EUR;1;y;317;Çocuk - Genç|Boyama Kitaplarý;10012,10011;Mürþide Uysal,Asým Uysal;1005;Uysal Yayýnevi;https://www.hesapli24.com/u/hesapli24/img/c/b/o/boyamali-ahlak-ve-gorgu-kurallari829d54b6550c620c48699a3ebab82ad7.jpg;Çocuklarýn eðlenerek boyama ile ahlak ve görgü kurallarýný öðrenmeleri amaçlanmýþtýr.;Boyamalý Ahlâk ve Görgü Kurallarý, Uysal Yayýnevi, , , 9789758552641;0;0,221;;195-275-0;80;;2016-01-01;1;;Karton;1.Hamur;Türkçe;;;-1;0;;0;https://www.hesapli24.com/boyamali-ahlak-ve-gorgu-kurallari;1
374148;9789758552634;;Malbuch Über Die Islamische Sitte Und Umgansregeln;;100000;36,3;0;;EUR;1;y;317;Çocuk - Genç|Boyama Kitaplarý;10011,10012;Asým Uysal,Mürþide Uysal;1091;Uysal Verlag;https://www.hesapli24.com/u/hesapli24/img/c/m/a/malbuch-uber-die-islamische-sitte-und-umgansregeln6013ee5c704ce0328b82964263450d24.jpg;;Malbuch Über Die Islamische Sitte Und Umgansregeln, Uysal Verlag, , , 9789758552634;0;0;;195-275-0;80;;2017-01-01;1;;Karton;1.Hamur;Almanca;;;-1;0;;0;https://www.hesapli24.com/malbuch-uber-die-islamische-sitte-und-umgansregeln;1
374149;9789752620421;;"Boyamalý Allaha Ýman; 5 Yaþ ve Üstü";5 Yaþ ve Üstü;100000;24,75;0;;EUR;1;y;317;Çocuk - Genç|Boyama Kitaplarý;10012,10011;Mürþide Uysal,Asým Uysal;1005;Uysal Yayýnevi;https://www.hesapli24.com/u/hesapli24/img/c/b/o/boyamali-allaha-iman-5-yas-ve-ustu8268923e7360798576d86f12aa0ebcdb.jpg;Çocuklarýn boyama ile eðlenerek Allah'ýn varlýðýný , birliðini ve sýfatlarýný öðrenmeleri amaçlanmýþtýr.;"Boyamalý Allaha Ýman; 5 Yaþ ve Üstü, Uysal Yayýnevi, , , 9789752620421";0;0,162;;195-275-0;56;;2020-01-10;1;;Karton;1.Hamur;Türkçe;;;-1;0;;0;https://www.hesapli24.com/boyamali-allaha-iman-5-yas-ve-ustu;1
